dataset,horizon,model,feature_mode,run_tag,MSE,MAE,MAPE,R2,MSE_target,MAE_target,MAPE_target,R2_target,best_val_loss,best_val_r2,trained_epochs,seed,sample_limit,train_samples,val_samples,test_samples,input_size,model_params,train_time_seconds,device,use_validation_best
ETTh1,24,autoformer,multivariate,feature_mode_full_seed42,0.451223224401474,0.4405728578567505,800.32958984375,0.646957278251648,0.045546289533376694,0.1602911502122879,18.657588958740234,0.7059584856033325,0.39016147973862564,0.6629167849367316,21,42,0,8521,2761,5781,7,89271,46.189509868621826,cuda,True
ETTh1,24,autoformer,univariate,feature_mode_full_seed42,0.03515925630927086,0.13785165548324585,16.105342864990234,0.7730159759521484,0.03515925630927086,0.13785165548324585,16.105342864990234,0.7730159759521484,0.05190649027512832,0.1720268347046592,34,42,0,8521,2761,5781,1,88497,57.92288041114807,cuda,True
ETTh1,24,informer,multivariate,feature_mode_full_seed42,0.7503859400749207,0.6341688632965088,1087.2650146484375,0.4128885865211487,0.37336891889572144,0.5024420619010925,44.52080535888672,-1.4104259014129639,0.6117290739308704,0.5355972701852972,18,42,0,8521,2761,5781,7,182175,33.12881898880005,cuda,True
ETTh1,24,informer,univariate,feature_mode_full_seed42,0.1235973909497261,0.2659057080745697,25.50499153137207,0.2020696997642517,0.1235973909497261,0.2659057080745697,25.50499153137207,0.2020696997642517,0.05100610513578762,0.17867645621299744,33,42,0,8521,2761,5781,1,181401,48.97211718559265,cuda,True
ETTh1,24,lstm,multivariate,feature_mode_full_seed42,0.9204919338226318,0.6819056272506714,1066.8782958984375,0.2797955274581909,0.14298149943351746,0.30723321437835693,28.96150016784668,0.07692813873291016,0.7510032647035338,0.4716887528246099,15,42,0,8521,2761,5781,7,380328,21.369513034820557,cuda,True
ETTh1,24,lstm,univariate,feature_mode_full_seed42,0.048470620065927505,0.1618311107158661,17.309118270874023,0.6870793104171753,0.048470620065927505,0.1618311107158661,17.309118270874023,0.6870793104171753,0.054872190579771996,0.10881375995549289,27,42,0,8521,2761,5781,1,337176,29.441665172576904,cuda,True
ETTh1,24,patchtst,multivariate,feature_mode_full_seed42,0.3691515624523163,0.40070661902427673,737.4776000976562,0.7111711502075195,0.04148377478122711,0.15765047073364258,18.295583724975586,0.7321856021881104,0.43319170888174663,0.6515103524381464,23,42,0,8521,2761,5781,7,77488,36.79657053947449,cuda,True
ETTh1,24,patchtst,univariate,feature_mode_full_seed42,0.07606343179941177,0.21526888012886047,22.20473289489746,0.5089433789253235,0.07606343179941177,0.21526888012886047,22.20473289489746,0.5089433789253235,0.06030249400911006,0.03287706591866233,22,42,0,8521,2761,5781,1,77488,27.601398468017578,cuda,True
ETTh1,24,transformer,multivariate,feature_mode_full_seed42,0.7682323455810547,0.6321515440940857,951.9181518554688,0.3989253640174866,0.2669122815132141,0.4376416802406311,40.36788558959961,-0.7231544256210327,0.6591637195511297,0.5052555528554049,15,42,0,8521,2761,5781,7,238376,21.757617473602295,cuda,True
ETTh1,24,transformer,univariate,feature_mode_full_seed42,0.057228971272706985,0.18338502943515778,20.40102195739746,0.6305364370346069,0.057228971272706985,0.18338502943515778,20.40102195739746,0.6305364370346069,0.05551421947099946,0.07405979254029015,19,42,0,8521,2761,5781,1,219032,20.289058923721313,cuda,True
ETTh1,48,autoformer,multivariate,feature_mode_full_seed42,0.47013214230537415,0.4656917452812195,873.7382202148438,0.6316813230514526,0.07406981289386749,0.2045542448759079,23.486774444580078,0.521403431892395,0.5012325156818737,0.5822509310462258,15,42,0,8497,2737,5757,7,93927,35.96249794960022,cuda,True
ETTh1,48,autoformer,univariate,feature_mode_full_seed42,0.05602489411830902,0.17590780556201935,20.502300262451172,0.6379992961883545,0.05602489411830902,0.17590780556201935,20.502300262451172,0.6379992961883545,0.07376907858997583,-0.18757705525918442,25,42,0,8497,2737,5757,1,93153,47.46400809288025,cuda,True
ETTh1,48,informer,multivariate,feature_mode_full_seed42,1.0495233535766602,0.7842815518379211,1061.19091796875,0.17776507139205933,0.8016518354415894,0.7729414701461792,69.40247344970703,-4.179813861846924,0.7768990736116063,0.41755405881188135,16,42,0,8497,2737,5757,7,184503,33.48628878593445,cuda,True
ETTh1,48,informer,univariate,feature_mode_full_seed42,0.2041948288679123,0.34458160400390625,34.08108139038086,-0.3193897008895874,0.2041948288679123,0.34458160400390625,34.08108139038086,-0.3193897008895874,0.0761992595243183,-0.224955675276843,37,42,0,8497,2737,5757,1,183729,58.12118697166443,cuda,True
ETTh1,48,lstm,multivariate,feature_mode_full_seed42,1.078047513961792,0.7614215016365051,1290.9063720703125,0.15541821718215942,0.2012283205986023,0.36466413736343384,38.159996032714844,-0.3002218008041382,0.8915771875869144,0.3810577392578125,13,42,0,8497,2737,5757,7,423504,18.39551830291748,cuda,True
ETTh1,48,lstm,univariate,feature_mode_full_seed42,0.12997066974639893,0.26404809951782227,26.19686508178711,0.16020417213439941,0.12997066974639893,0.26404809951782227,26.19686508178711,0.16020417213439941,0.08066391885619272,-0.2598575082692233,21,42,0,8497,2737,5757,1,343344,23.383307456970215,cuda,True
ETTh1,48,patchtst,multivariate,feature_mode_full_seed42,0.41523614525794983,0.4289845824241638,807.23583984375,0.6746888160705566,0.057424530386924744,0.18097664415836334,21.427438735961914,0.6289556622505188,0.5357527685436335,0.5687862824309956,18,42,0,8497,2737,5757,7,85216,28.437174081802368,cuda,True
ETTh1,48,patchtst,univariate,feature_mode_full_seed42,0.13995003700256348,0.29881012439727783,31.33411979675293,0.0957232117652893,0.13995003700256348,0.29881012439727783,31.33411979675293,0.0957232117652893,0.09258516420694915,-0.47654841162941675,17,42,0,8497,2737,5757,1,85216,20.378875970840454,cuda,True
ETTh1,48,transformer,multivariate,feature_mode_full_seed42,0.8801534175872803,0.7138729095458984,952.1609497070312,0.31045567989349365,0.7195279002189636,0.7557360529899597,67.83858489990234,-3.6491761207580566,0.75128689001907,0.4251944260163741,16,42,0,8497,2737,5757,7,260048,25.58843469619751,cuda,True
ETTh1,48,transformer,univariate,feature_mode_full_seed42,0.16146771609783173,0.32200416922569275,29.210636138916016,-0.0433117151260376,0.16146771609783173,0.32200416922569275,29.210636138916016,-0.0433117151260376,0.08157653878019615,-0.37479133768515155,14,42,0,8497,2737,5757,1,222128,17.337361335754395,cuda,True
ETTh1,96,autoformer,multivariate,feature_mode_full_seed42,0.5403439998626709,0.5141874551773071,869.6912841796875,0.5765784978866577,0.15041780471801758,0.3057801425457001,32.308589935302734,0.031140387058258057,0.6588750908320601,0.4641101306135004,23,42,0,8449,2689,5709,7,103239,57.60331606864929,cuda,True
ETTh1,96,autoformer,univariate,feature_mode_full_seed42,0.07647891342639923,0.21219192445278168,28.10818862915039,0.5073899030685425,0.07647891342639923,0.21219192445278168,28.10818862915039,0.5073899030685425,0.09589223606003956,-0.6069645448164507,22,42,0,8449,2689,5709,1,102465,45.89744591712952,cuda,True
ETTh1,96,informer,multivariate,feature_mode_full_seed42,0.9640058875083923,0.7757982611656189,1040.205322265625,0.24459075927734375,0.866662323474884,0.8241870999336243,69.39407348632812,-4.582278728485107,0.8650550578128208,0.33590165322477167,14,42,0,8449,2689,5709,7,189159,29.278563499450684,cuda,True
ETTh1,96,informer,univariate,feature_mode_full_seed42,0.14095823466777802,0.2999034523963928,34.25917434692383,0.09207063913345337,0.14095823466777802,0.2999034523963928,34.25917434692383,0.09207063913345337,0.09906001118096439,-0.721759397875179,36,42,0,8449,2689,5709,1,188385,58.50513577461243,cuda,True
ETTh1,96,lstm,multivariate,feature_mode_full_seed42,1.0492475032806396,0.772559642791748,1627.3521728515625,0.1777942180633545,0.38355937600135803,0.5405451655387878,49.6211051940918,-1.4705531597137451,0.9404252063144337,0.3106948272748427,16,42,0,8449,2689,5709,7,509856,23.88501501083374,cuda,True
ETTh1,96,lstm,univariate,feature_mode_full_seed42,0.1486111581325531,0.3028919994831085,31.209552764892578,0.042777299880981445,0.1486111581325531,0.3028919994831085,31.209552764892578,0.042777299880981445,0.10497284833003175,-0.8106865611943331,22,42,0,8449,2689,5709,1,355680,22.176010370254517,cuda,True
ETTh1,96,patchtst,multivariate,feature_mode_full_seed42,0.48098915815353394,0.47252798080444336,768.7981567382812,0.6230897903442383,0.08919179439544678,0.23068439960479736,28.378238677978516,0.4255046844482422,0.6955862275578759,0.45118745077740063,31,42,0,8449,2689,5709,7,100672,48.09795355796814,cuda,True
ETTh1,96,patchtst,univariate,feature_mode_full_seed42,0.1564207226037979,0.32222166657447815,38.5037956237793,-0.007525205612182617,0.1564207226037979,0.32222166657447815,38.5037956237793,-0.007525205612182617,0.12207340669225562,-1.0575728308070789,13,42,0,8449,2689,5709,1,100672,15.861076831817627,cuda,True
ETTh1,96,transformer,multivariate,feature_mode_full_seed42,1.043161153793335,0.7895181179046631,1318.345947265625,0.18256354331970215,0.819254994392395,0.7830561399459839,67.01151275634766,-4.276922225952148,0.8765348345041275,0.3138830363750458,13,42,0,8449,2689,5709,7,303392,19.02129888534546,cuda,True
ETTh1,96,transformer,univariate,feature_mode_full_seed42,0.1372937262058258,0.29422223567962646,33.8397102355957,0.11567419767379761,0.1372937262058258,0.29422223567962646,33.8397102355957,0.11567419767379761,0.11061696318740194,-1.042844980955124,17,42,0,8449,2689,5709,1,228320,20.188050985336304,cuda,True
ETTh1,168,autoformer,multivariate,feature_mode_full_seed42,0.5558629631996155,0.5225936770439148,878.8021850585938,0.5645896196365356,0.14590077102184296,0.2931259274482727,31.303295135498047,0.06434506177902222,0.828518115338825,0.3499244848887126,17,42,0,8377,2617,5637,7,117207,40.04487705230713,cuda,True
ETTh1,168,autoformer,univariate,feature_mode_full_seed42,0.11026736348867416,0.25156667828559875,33.83116912841797,0.29286038875579834,0.11026736348867416,0.25156667828559875,33.83116912841797,0.29286038875579834,0.10444892126889456,-0.6159954638708205,24,42,0,8377,2617,5637,1,116433,41.97087383270264,cuda,True
ETTh1,168,informer,multivariate,feature_mode_full_seed42,1.1950818300247192,0.8305079936981201,1109.31982421875,0.06388610601425171,1.0650638341903687,0.9189398884773254,77.75285339355469,-5.83020544052124,1.1219953511442458,0.16098094270342872,13,42,0,8377,2617,5637,7,196143,26.216603994369507,cuda,True
ETTh1,168,informer,univariate,feature_mode_full_seed42,0.2752448320388794,0.4137808680534363,43.730857849121094,-0.7651325464248657,0.2752448320388794,0.4137808680534363,43.730857849121094,-0.7651325464248657,0.1169326292084796,-0.8171983900524321,18,42,0,8377,2617,5637,1,195369,28.679434061050415,cuda,True
ETTh1,168,lstm,multivariate,feature_mode_full_seed42,1.264902114868164,0.8612607717514038,1279.6710205078125,0.009195506572723389,0.5874325037002563,0.6829805970191956,62.69470977783203,-2.7671780586242676,1.1500505748249235,0.16612268629528226,15,42,0,8377,2617,5637,7,639384,21.38230299949646,cuda,True
ETTh1,168,lstm,univariate,feature_mode_full_seed42,0.2682633399963379,0.4335596561431885,41.24953842163086,-0.7203606367111206,0.2682633399963379,0.4335596561431885,41.24953842163086,-0.7203606367111206,0.12029713090686571,-0.8646433694022042,21,42,0,8377,2617,5637,1,374184,23.12274742126465,cuda,True
ETTh1,168,patchtst,multivariate,feature_mode_full_seed42,0.5261451601982117,0.4991472363471985,861.6183471679688,0.5878677368164062,0.09524113684892654,0.24285225570201874,34.31904983520508,0.3892229199409485,0.8461145843778338,0.3483875251951672,19,42,0,8377,2617,5637,7,123856,31.234665155410767,cuda,True
ETTh1,168,patchtst,univariate,feature_mode_full_seed42,0.17477069795131683,0.3471345603466034,42.82682418823242,-0.12079644203186035,0.17477069795131683,0.3471345603466034,42.82682418823242,-0.12079644203186035,0.12146704306914693,-0.8999743858973185,15,42,0,8377,2617,5637,1,123856,17.951195001602173,cuda,True
ETTh1,168,transformer,multivariate,feature_mode_full_seed42,1.1169341802597046,0.8398359417915344,1382.3814697265625,0.12509948015213013,0.7181481719017029,0.7186976671218872,61.71486282348633,-3.6054515838623047,1.0806413874739693,0.19277102890468778,17,42,0,8377,2617,5637,7,368408,24.39006519317627,cuda,True
ETTh1,168,transformer,univariate,feature_mode_full_seed42,0.1549457460641861,0.32306039333343506,40.68821334838867,0.00634002685546875,0.1549457460641861,0.32306039333343506,40.68821334838867,0.00634002685546875,0.1255832053720951,-1.0248011407398043,14,42,0,8377,2617,5637,1,237608,16.001182556152344,cuda,True
ETTh1,336,autoformer,multivariate,feature_mode_full_seed42,0.7133598327636719,0.6087449789047241,1020.2119750976562,0.43921446800231934,0.23422598838806152,0.39230117201805115,38.86777877807617,-0.49259912967681885,1.040268111228943,0.2163146048784256,16,42,0,8209,2449,5469,7,149799,40.95366668701172,cuda,True
ETTh1,336,autoformer,univariate,feature_mode_full_seed42,0.1012079194188118,0.248334139585495,33.26161193847656,0.35505515336990356,0.1012079194188118,0.248334139585495,33.26161193847656,0.35505515336990356,0.11991988588124514,-0.5758991479873657,27,42,0,8209,2449,5469,1,149025,68.03649234771729,cuda,True
ETTh1,336,informer,multivariate,feature_mode_full_seed42,1.1367108821868896,0.8351922035217285,1357.97509765625,0.10641026496887207,0.9300563931465149,0.8494166731834412,74.9581069946289,-4.926760196685791,1.267945186793804,0.07768537402153015,14,42,0,8209,2449,5469,7,212439,25.709714889526367,cuda,True
ETTh1,336,informer,univariate,feature_mode_full_seed42,0.24626724421977997,0.4093569219112396,45.325077056884766,-0.5693316459655762,0.24626724421977997,0.4093569219112396,45.325077056884766,-0.5693316459655762,0.13989221937954427,-0.9991757720708847,22,42,0,8209,2449,5469,1,211665,42.46350955963135,cuda,True
ETTh1,336,lstm,multivariate,feature_mode_full_seed42,1.3145527839660645,0.8738325238227844,1753.9295654296875,-0.033394575119018555,0.6391999125480652,0.6868754625320435,61.77509307861328,-3.0732851028442383,1.3238750204443932,0.02539975941181183,23,42,0,8209,2449,5469,7,941616,34.65585947036743,cuda,True
ETTh1,336,lstm,univariate,feature_mode_full_seed42,0.20468725264072418,0.3687551021575928,41.31058883666992,-0.30436432361602783,0.20468725264072418,0.3687551021575928,41.31058883666992,-0.30436432361602783,0.13654291480779648,-0.8388618916273117,22,42,0,8209,2449,5469,1,417360,35.8135769367218,cuda,True
ETTh1,336,patchtst,multivariate,feature_mode_full_seed42,0.5845398902893066,0.5407739281654358,956.75537109375,0.5404822826385498,0.1273222118616104,0.2851191759109497,35.250099182128906,0.1886425018310547,1.0827111676335335,0.18867538273334503,29,42,0,8209,2449,5469,7,177952,37.78760886192322,cuda,True
ETTh1,336,patchtst,univariate,feature_mode_full_seed42,0.20317651331424713,0.37498414516448975,44.066898345947266,-0.2947371006011963,0.20317651331424713,0.37498414516448975,44.066898345947266,-0.2947371006011963,0.18547704294323922,-1.621331614255905,14,42,0,8209,2449,5469,1,177952,25.342495441436768,cuda,True
ETTh1,336,transformer,multivariate,feature_mode_full_seed42,0.9849108457565308,0.7534911632537842,1328.96142578125,0.2257431149482727,0.562877357006073,0.6225486993789673,53.23619842529297,-2.586921215057373,1.2640912160277367,0.08191352486610412,14,42,0,8209,2449,5469,7,520112,21.078275442123413,cuda,True
ETTh1,336,transformer,univariate,feature_mode_full_seed42,0.20573139190673828,0.37422776222229004,42.02937316894531,-0.3110179901123047,0.20573139190673828,0.37422776222229004,42.02937316894531,-0.3110179901123047,0.15313193798065186,-1.2259469985961915,18,42,0,8209,2449,5469,1,259280,27.571499347686768,cuda,True
ETTm1,24,autoformer,multivariate,feature_mode_full_seed42,0.3030235171318054,0.3436353802680969,187.2943878173828,0.7621031999588013,0.017965106293559074,0.09612800180912018,10.586088180541992,0.8850270509719849,0.2293177483810319,0.7567875266075135,17,42,0,34441,11401,23481,7,89271,108.52141308784485,cuda,True
ETTm1,24,autoformer,univariate,feature_mode_full_seed42,0.013668390922248363,0.0808957889676094,9.204164505004883,0.9125251173973083,0.013668390922248363,0.0808957889676094,9.204164505004883,0.9125251173973083,0.02293480653445133,0.1082004917992486,39,42,0,34441,11401,23481,1,88497,269.85928893089294,cuda,True
ETTm1,24,informer,multivariate,feature_mode_full_seed42,0.4507581889629364,0.4437171220779419,198.10511779785156,0.6461200714111328,0.1349743902683258,0.2739854156970978,28.137773513793945,0.1361919641494751,0.3859986709223853,0.6849575671884749,14,42,0,34441,11401,23481,7,182175,82.74120473861694,cuda,True
ETTm1,24,informer,univariate,feature_mode_full_seed42,0.01578361541032791,0.08918870240449905,9.752219200134277,0.8989881277084351,0.01578361541032791,0.08918870240449905,9.752219200134277,0.8989881277084351,0.024522316670562656,0.010699902640448676,25,42,0,34441,11401,23481,1,181401,156.28139424324036,cuda,True
ETTm1,24,lstm,multivariate,feature_mode_full_seed42,0.543135941028595,0.4590034484863281,194.7654266357422,0.5735964775085449,0.05795351415872574,0.18696148693561554,19.54816436767578,0.6291095614433289,0.6065328126980198,0.5399245480696361,11,42,0,34441,11401,23481,7,380328,48.326783895492554,cuda,True
ETTm1,24,lstm,univariate,feature_mode_full_seed42,0.015262206085026264,0.08828406035900116,10.788247108459473,0.9023250341415405,0.015262206085026264,0.08828406035900116,10.788247108459473,0.9023250341415405,0.028375964552267558,-0.10127375390794542,19,42,0,34441,11401,23481,1,337176,99.33841896057129,cuda,True
ETTm1,24,patchtst,multivariate,feature_mode_full_seed42,0.31295499205589294,0.34355419874191284,175.72166442871094,0.7543061971664429,0.017538471147418022,0.0935378447175026,9.94556999206543,0.887757420539856,0.2760663901766141,0.7306183616320292,15,42,0,34441,11401,23481,7,77488,61.43022680282593,cuda,True
ETTm1,24,patchtst,univariate,feature_mode_full_seed42,0.014419079758226871,0.08472505956888199,9.584202766418457,0.9077208638191223,0.014419079758226871,0.08472505956888199,9.584202766418457,0.9077208638191223,0.023579603252518507,0.06375720302263896,18,42,0,34441,11401,23481,1,77488,79.1431953907013,cuda,True
ETTm1,24,transformer,multivariate,feature_mode_full_seed42,0.5298834443092346,0.4633481204509735,196.96824645996094,0.5840007066726685,0.04967152327299118,0.1709957718849182,18.099790573120117,0.6821125745773315,0.3746119367579619,0.692430266406801,12,42,0,34441,11401,23481,7,238376,54.53825116157532,cuda,True
ETTm1,24,transformer,univariate,feature_mode_full_seed42,0.015093945898115635,0.08794346451759338,9.709695816040039,0.9034018516540527,0.015093945898115635,0.08794346451759338,9.709695816040039,0.9034018516540527,0.024288785395522913,0.00011782911088731554,18,42,0,34441,11401,23481,1,219032,88.0604338645935,cuda,True
ETTm1,48,autoformer,multivariate,feature_mode_full_seed42,0.44522717595100403,0.43821337819099426,214.84019470214844,0.6503487825393677,0.036229588091373444,0.14238010346889496,16.512765884399414,0.7682555317878723,0.3453129195095448,0.6422851936201032,14,42,0,34417,11377,23457,7,93927,89.00971531867981,cuda,True
ETTm1,48,autoformer,univariate,feature_mode_full_seed42,0.022026363760232925,0.10507012158632278,12.17453670501709,0.8591071963310242,0.022026363760232925,0.10507012158632278,12.17453670501709,0.8591071963310242,0.03582619435645724,-0.23808741636490555,26,42,0,34417,11377,23457,1,93153,179.09124946594238,cuda,True
ETTm1,48,informer,multivariate,feature_mode_full_seed42,0.7906618714332581,0.6069267988204956,230.90872192382812,0.37906789779663086,0.10601930320262909,0.24183623492717743,24.62578773498535,0.32184189558029175,0.516322715228863,0.5682143649358428,13,42,0,34417,11377,23457,7,184503,72.10898447036743,cuda,True
ETTm1,48,informer,univariate,feature_mode_full_seed42,0.027042623609304428,0.11759911477565765,12.502280235290527,0.8270204067230225,0.027042623609304428,0.11759911477565765,12.502280235290527,0.8270204067230225,0.03694703398021252,-0.30147068420152984,22,42,0,34417,11377,23457,1,183729,125.81987738609314,cuda,True
ETTm1,48,lstm,multivariate,feature_mode_full_seed42,0.8299372792243958,0.6093647480010986,211.07730102539062,0.34822362661361694,0.11152108013629913,0.26950693130493164,26.372453689575195,0.28664952516555786,0.7665922961543116,0.40091379974665264,11,42,0,34417,11377,23457,7,423504,42.4786434173584,cuda,True
ETTm1,48,lstm,univariate,feature_mode_full_seed42,0.03798732906579971,0.14533215761184692,14.665142059326172,0.7570120692253113,0.03798732906579971,0.14533215761184692,14.665142059326172,0.7570120692253113,0.03756028300758158,-0.3146291555983297,41,42,0,34417,11377,23457,1,343344,181.99695110321045,cuda,True
ETTm1,48,patchtst,multivariate,feature_mode_full_seed42,0.42409002780914307,0.4116876423358917,200.6844940185547,0.6669484972953796,0.03657810762524605,0.14114660024642944,14.040799140930176,0.7660261988639832,0.38983404301525504,0.6340944445535038,15,42,0,34417,11377,23457,7,85216,61.90736746788025,cuda,True
ETTm1,48,patchtst,univariate,feature_mode_full_seed42,0.03124992735683918,0.12874312698841095,13.5717134475708,0.8001081943511963,0.03124992735683918,0.12874312698841095,13.5717134475708,0.8001081943511963,0.03770065322005598,-0.353321678183052,18,42,0,34417,11377,23457,1,85216,77.91003799438477,cuda,True
ETTm1,48,transformer,multivariate,feature_mode_full_seed42,0.6876024603843689,0.5340924859046936,206.85443115234375,0.46000373363494873,0.12330274283885956,0.2843503952026367,28.222185134887695,0.2112874984741211,0.5225472800182492,0.5717348268862521,11,42,0,34417,11377,23457,7,260048,44.6531126499176,cuda,True
ETTm1,48,transformer,univariate,feature_mode_full_seed42,0.030340315774083138,0.12602359056472778,13.370434761047363,0.8059265613555908,0.030340315774083138,0.12602359056472778,13.370434761047363,0.8059265613555908,0.037907448126358934,-0.3600500172443604,13,42,0,34417,11377,23457,1,222128,56.00747203826904,cuda,True
ETTm1,96,autoformer,multivariate,feature_mode_full_seed42,0.48669368028640747,0.46491074562072754,226.333740234375,0.6169219613075256,0.050453800708055496,0.17083513736724854,19.607275009155273,0.6774517893791199,0.4081313704674164,0.5911771226465032,13,42,0,34369,11329,23409,7,103239,82.71647644042969,cuda,True
ETTm1,96,autoformer,univariate,feature_mode_full_seed42,0.04174056276679039,0.1473981738090515,15.429718971252441,0.7331550121307373,0.04174056276679039,0.1473981738090515,15.429718971252441,0.7331550121307373,0.05167700391095341,-0.4579204153478815,21,42,0,34369,11329,23409,1,102465,144.3721673488617,cuda,True
ETTm1,96,informer,multivariate,feature_mode_full_seed42,0.7506722211837769,0.6017577052116394,224.91311645507812,0.4091436266899109,0.23495052754878998,0.37562552094459534,35.58880615234375,-0.5020251274108887,0.631724626914169,0.48387456007218094,11,42,0,34369,11329,23409,7,189159,60.59040093421936,cuda,True
ETTm1,96,informer,univariate,feature_mode_full_seed42,0.05708666145801544,0.17492415010929108,17.187929153442383,0.6350482702255249,0.05708666145801544,0.17492415010929108,17.187929153442383,0.6350482702255249,0.053686920616231606,-0.592607301272703,20,42,0,34369,11329,23409,1,188385,113.50100517272949,cuda,True
ETTm1,96,lstm,multivariate,feature_mode_full_seed42,0.7997037768363953,0.6049447059631348,224.2069549560547,0.3705507516860962,0.15808914601802826,0.3220663070678711,30.975496292114258,-0.010654687881469727,0.7765848820798853,0.42119374435939144,12,42,0,34369,11329,23409,7,509856,45.71498394012451,cuda,True
ETTm1,96,lstm,univariate,feature_mode_full_seed42,0.05482279136776924,0.16637997329235077,17.218425750732422,0.6495210528373718,0.05482279136776924,0.16637997329235077,17.218425750732422,0.6495210528373718,0.05383789578055063,-0.5896734843093357,42,42,0,34369,11329,23409,1,355680,182.0071394443512,cuda,True
ETTm1,96,patchtst,multivariate,feature_mode_full_seed42,0.47566279768943787,0.4412437379360199,215.2935333251953,0.6256043910980225,0.04389667138457298,0.15301869809627533,16.134765625,0.7193711400032043,0.4621528924516078,0.577003910300437,15,42,0,34369,11329,23409,7,100672,61.96337342262268,cuda,True
ETTm1,96,patchtst,univariate,feature_mode_full_seed42,0.05936732888221741,0.18346074223518372,17.97626495361328,0.6204681396484375,0.05936732888221741,0.18346074223518372,17.97626495361328,0.6204681396484375,0.05339495658225725,-0.5635525537340829,14,42,0,34369,11329,23409,1,100672,61.39395809173584,cuda,True
ETTm1,96,transformer,multivariate,feature_mode_full_seed42,0.8570696711540222,0.6428293585777283,261.07257080078125,0.32539790868759155,0.12456978112459183,0.2756747305393219,27.18408966064453,0.20363259315490723,0.5895860325754358,0.5199979925423526,11,42,0,34369,11329,23409,7,303392,43.80691456794739,cuda,True
ETTm1,96,transformer,univariate,feature_mode_full_seed42,0.05390056222677231,0.1656099110841751,17.284534454345703,0.6554168462753296,0.05390056222677231,0.1656099110841751,17.284534454345703,0.6554168462753296,0.056342269241642415,-0.6592334783479069,16,42,0,34369,11329,23409,1,228320,67.06394147872925,cuda,True
ETTm1,168,autoformer,multivariate,feature_mode_full_seed42,0.4997222125530243,0.47294214367866516,226.70729064941406,0.6062297224998474,0.07377701252698898,0.2057986557483673,22.67987632751465,0.5282856225967407,0.500810671936382,0.5253473269668493,13,42,0,34297,11257,23337,7,117207,84.65883350372314,cuda,True
ETTm1,168,autoformer,univariate,feature_mode_full_seed42,0.05513116344809532,0.1704394370317459,18.54314422607422,0.6475031971931458,0.05513116344809532,0.1704394370317459,18.54314422607422,0.6475031971931458,0.07419522399802438,-0.8581560674038801,21,42,0,34297,11257,23337,1,116433,142.67571640014648,cuda,True
ETTm1,168,informer,multivariate,feature_mode_full_seed42,0.8452343344688416,0.6359066367149353,245.51654052734375,0.33397364616394043,0.44494274258613586,0.4977334439754486,45.88276290893555,-1.8448679447174072,0.681616962548684,0.44323349540883844,11,42,0,34297,11257,23337,7,196143,61.64029097557068,cuda,True
ETTm1,168,informer,univariate,feature_mode_full_seed42,0.10262592136859894,0.23643313348293304,22.979063034057617,0.34383195638656616,0.10262592136859894,0.23643313348293304,22.979063034057617,0.34383195638656616,0.07656416716054082,-0.9490160285071894,15,42,0,34297,11257,23337,1,195369,86.1851589679718,cuda,True
ETTm1,168,lstm,multivariate,feature_mode_full_seed42,0.9620694518089294,0.6596105694770813,227.392822265625,0.24191009998321533,0.17607101798057556,0.327370285987854,33.30473327636719,-0.12576019763946533,0.8824335009875622,0.3358470452102748,11,42,0,34297,11257,23337,7,639384,41.73391604423523,cuda,True
ETTm1,168,lstm,univariate,feature_mode_full_seed42,0.07739044725894928,0.20910924673080444,21.813812255859375,0.505182147026062,0.07739044725894928,0.20910924673080444,21.813812255859375,0.505182147026062,0.0765310153259303,-1.0007715435190634,19,42,0,34297,11257,23337,1,374184,81.03967189788818,cuda,True
ETTm1,168,patchtst,multivariate,feature_mode_full_seed42,0.49321964383125305,0.4573090374469757,213.34803771972656,0.6113536357879639,0.06916838884353638,0.19483081996440887,20.721588134765625,0.557752251625061,0.5471350686116652,0.5105427266521887,14,42,0,34297,11257,23337,7,123856,66.74220633506775,cuda,True
ETTm1,168,patchtst,univariate,feature_mode_full_seed42,0.11096277087926865,0.24446287751197815,24.445222854614258,0.29052793979644775,0.11096277087926865,0.24446287751197815,24.445222854614258,0.29052793979644775,0.07786459584762766,-0.985896001485261,14,42,0,34297,11257,23337,1,123856,70.46025371551514,cuda,True
ETTm1,168,transformer,multivariate,feature_mode_full_seed42,0.8947542309761047,0.6833488345146179,250.8309783935547,0.29495304822921753,0.5970219373703003,0.6389567255973816,59.334327697753906,-2.817229747772217,0.6730930781499906,0.4586642282930287,11,42,0,34297,11257,23337,7,368408,44.97159504890442,cuda,True
ETTm1,168,transformer,univariate,feature_mode_full_seed42,0.09944543987512589,0.22575746476650238,22.874753952026367,0.3641672730445862,0.09944543987512589,0.22575746476650238,22.874753952026367,0.3641672730445862,0.07795629077802667,-1.0897548354484818,16,42,0,34297,11257,23337,1,237608,67.13759112358093,cuda,True
ETTm1,336,autoformer,multivariate,feature_mode_full_seed42,0.5504559278488159,0.5077541470527649,233.92979431152344,0.5659539699554443,0.12011823803186417,0.2625580132007599,27.504297256469727,0.23103219270706177,0.6435666666633781,0.43959294379442587,13,42,0,34129,11089,23169,7,149799,79.28231716156006,cuda,True
ETTm1,336,autoformer,univariate,feature_mode_full_seed42,0.09175796061754227,0.22388391196727753,24.505111694335938,0.41258782148361206,0.09175796061754227,0.22388391196727753,24.505111694335938,0.41258782148361206,0.09702710090098025,-0.9846727587710852,19,42,0,34129,11089,23169,1,149025,118.93216156959534,cuda,True
ETTm1,336,informer,multivariate,feature_mode_full_seed42,0.9707415103912354,0.7140457630157471,274.4313049316406,0.23454999923706055,0.32515329122543335,0.4551788866519928,43.11613082885742,-1.081552505493164,0.7957828926971589,0.3752665341585532,11,42,0,34129,11089,23169,7,212439,61.363378286361694,cuda,True
ETTm1,336,informer,univariate,feature_mode_full_seed42,0.20454448461532593,0.35792824625968933,33.60456848144531,-0.3094440698623657,0.20454448461532593,0.35792824625968933,33.60456848144531,-0.3094440698623657,0.10245972306563936,-1.180295267324338,14,42,0,34129,11089,23169,1,211665,80.18285393714905,cuda,True
ETTm1,336,lstm,multivariate,feature_mode_full_seed42,1.0375831127166748,0.7401761412620544,290.14837646484375,0.1818440556526184,0.31586331129074097,0.46370038390159607,43.29755783081055,-1.0220801830291748,0.9334607331574648,0.28893737820373183,14,42,0,34129,11089,23169,7,941616,55.96083998680115,cuda,True
ETTm1,336,lstm,univariate,feature_mode_full_seed42,0.1797025203704834,0.32736584544181824,31.94054412841797,-0.15041184425354004,0.1797025203704834,0.32736584544181824,31.94054412841797,-0.15041184425354004,0.1035814630617013,-1.1653420048198482,34,42,0,34129,11089,23169,1,417360,152.17473125457764,cuda,True
ETTm1,336,patchtst,multivariate,feature_mode_full_seed42,0.5442317724227905,0.5006131529808044,228.04116821289062,0.5708618760108948,0.19384022057056427,0.3504064381122589,32.60251998901367,-0.24091804027557373,0.6749304318907617,0.44002676352687264,14,42,0,34129,11089,23169,7,177952,56.019160985946655,cuda,True
ETTm1,336,patchtst,univariate,feature_mode_full_seed42,0.17946994304656982,0.3367566466331482,32.43036651611328,-0.14892303943634033,0.17946994304656982,0.3367566466331482,32.43036651611328,-0.14892303943634033,0.10559396499275477,-1.2448229707520584,12,42,0,34129,11089,23169,1,177952,52.57970929145813,cuda,True
ETTm1,336,transformer,multivariate,feature_mode_full_seed42,1.0521897077560425,0.7783818244934082,331.7806701660156,0.17032647132873535,0.7470492720603943,0.7399567365646362,66.34552764892578,-3.7824277877807617,0.8184258408587555,0.3673661611546045,11,42,0,34129,11089,23169,7,520112,43.405747175216675,cuda,True
ETTm1,336,transformer,univariate,feature_mode_full_seed42,0.1955023854970932,0.3513783812522888,33.38346862792969,-0.251558780670166,0.1955023854970932,0.3513783812522888,33.38346862792969,-0.251558780670166,0.10240359790623188,-1.1800810722098953,14,42,0,34129,11089,23169,1,259280,61.1725640296936,cuda,True
